<?xml version="1.0" encoding="UTF-8" standalone="no"?>
<!-- Generated 2018-12-18 10:02:08 by Hibernate Tools 5.2.10.Final --><!DOCTYPE hibernate-mapping PUBLIC "-//Hibernate/Hibernate Mapping DTD 3.0//EN" "http://www.hibernate.org/dtd/hibernate-mapping-3.0.dtd">
<hibernate-mapping auto-import="true" default-access="property" default-cascade="none" default-lazy="true">
    <class catalog="MoviesDatabase" dynamic-insert="false" dynamic-update="false" mutable="true" name="DataManager.ActorList" optimistic-lock="version" polymorphism="implicit" select-before-update="false" table="ActorList">
        <id name="id" type="java.lang.Integer">
            <column name="id"/>
            <generator class="identity"/>
        </id>
        <many-to-one class="DataManager.Actor" embed-xml="true" fetch="select" insert="true" name="actor" not-found="exception" optimistic-lock="true" unique="false" update="true">
            <column name="actorid" not-null="true"/>
        </many-to-one>
        <many-to-one class="DataManager.Movie" embed-xml="true" fetch="select" insert="true" name="movie" not-found="exception" optimistic-lock="true" unique="false" update="true">
            <column name="movieid" not-null="true"/>
        </many-to-one>
    </class>
</hibernate-mapping>
