<?xml version="1.0" encoding="UTF-8" standalone="no"?>
<!-- Generated 2018-12-18 10:02:08 by Hibernate Tools 5.2.10.Final --><!DOCTYPE hibernate-mapping PUBLIC "-//Hibernate/Hibernate Mapping DTD 3.0//EN" "http://www.hibernate.org/dtd/hibernate-mapping-3.0.dtd">
<hibernate-mapping auto-import="true" default-access="property" default-cascade="none" default-lazy="true">
    <class catalog="MoviesDatabase" dynamic-insert="false" dynamic-update="false" mutable="true" name="DataManager.Collect" optimistic-lock="version" polymorphism="implicit" select-before-update="false" table="Collect">
        <id name="id" type="java.lang.Integer">
            <column name="id"/>
            <generator class="identity"/>
        </id>
        <property generated="never" lazy="false" name="userid" optimistic-lock="true" type="int" unique="false">
            <column name="userid" not-null="true"/>
        </property>
        <property generated="never" lazy="false" name="movieid" optimistic-lock="true" type="int" unique="false">
            <column name="movieid" not-null="true"/>
        </property>
    </class>
</hibernate-mapping>
