<?xml version="1.0" encoding="UTF-8" standalone="no"?>
<!-- Generated 2018-12-18 10:02:08 by Hibernate Tools 5.2.10.Final --><!DOCTYPE hibernate-mapping PUBLIC "-//Hibernate/Hibernate Mapping DTD 3.0//EN" "http://www.hibernate.org/dtd/hibernate-mapping-3.0.dtd">
<hibernate-mapping auto-import="true" default-access="property" default-cascade="none" default-lazy="true">
    <class catalog="MoviesDatabase" dynamic-insert="false" dynamic-update="false" mutable="true" name="DataManager.TempMovie" optimistic-lock="version" polymorphism="implicit" select-before-update="false" table="TempMovie">
        <id name="id" type="java.lang.Integer">
            <column name="id"/>
            <generator class="identity"/>
        </id>
        <property generated="never" lazy="false" name="moviename" optimistic-lock="true" type="string" unique="false">
            <column length="250" name="moviename"/>
        </property>
        <property generated="never" lazy="false" name="director" optimistic-lock="true" type="string" unique="false">
            <column length="250" name="director"/>
        </property>
        <property generated="never" lazy="false" name="boxOffice" optimistic-lock="true" type="string" unique="false">
            <column length="50" name="box_office"/>
        </property>
        <property generated="never" lazy="false" name="class_" optimistic-lock="true" type="string" unique="false">
            <column length="20" name="class"/>
        </property>
        <property generated="never" lazy="false" name="year" optimistic-lock="true" type="string" unique="false">
            <column length="20" name="year"/>
        </property>
        <property generated="never" lazy="false" name="month" optimistic-lock="true" type="string" unique="false">
            <column length="20" name="month"/>
        </property>
        <property generated="never" lazy="false" name="day" optimistic-lock="true" type="string" unique="false">
            <column length="20" name="day"/>
        </property>
        <property generated="never" lazy="false" name="introduce" optimistic-lock="true" type="string" unique="false">
            <column length="1000" name="introduce"/>
        </property>
        <property generated="never" lazy="false" name="thumburl" optimistic-lock="true" type="string" unique="false">
            <column length="250" name="thumburl"/>
        </property>
        <property generated="never" lazy="false" name="actor" optimistic-lock="true" type="string" unique="false">
            <column length="500" name="actor"/>
        </property>
        <property generated="never" lazy="false" name="rate" optimistic-lock="true" type="java.lang.Integer" unique="false">
            <column name="rate"/>
        </property>
    </class>
</hibernate-mapping>
